[
    {
        "code": "AL",
        "name": "Alabama",
        "agency": "Alabama Department of Revenue"
    },
    {
        "code": "AK",
        "name": "Alaska",
        "agency": "Alaska DMV"
    },
    {
        "code": "AZ",
        "name": "Arizona",
        "agency": "Arizona MVD"
    },
    {
        "code": "AR",
        "name": "Arkansas",
        "agency": "Arkansas DFA"
    },
    {
        "code": "CA",
        "name": "California",
        "agency": "California DMV"
    },
    {
        "code": "CO",
        "name": "Colorado",
        "agency": "Colorado DMV"
    },
    {
        "code": "CT",
        "name": "Connecticut",
        "agency": "Connecticut DMV"
    },
    {
        "code": "DE",
        "name": "Delaware",
        "agency": "Delaware DMV"
    },
    {
        "code": "FL",
        "name": "Florida",
        "agency": "Florida DHSMV"
    },
    {
        "code": "GA",
        "name": "Georgia",
        "agency": "Georgia DOR"
    },
    {
        "code": "HI",
        "name": "Hawaii",
        "agency": "Hawaii DOT"
    },
    {
        "code": "ID",
        "name": "Idaho",
        "agency": "Idaho ITD"
    },
    {
        "code": "IL",
        "name": "Illinois",
        "agency": "Illinois SOS"
    },
    {
        "code": "IN",
        "name": "Indiana",
        "agency": "Indiana DOR"
    },
    {
        "code": "IA",
        "name": "Iowa",
        "agency": "Iowa DOT"
    },
    {
        "code": "KS",
        "name": "Kansas",
        "agency": "Kansas DOR"
    },
    {
        "code": "KY",
        "name": "Kentucky",
        "agency": "Kentucky TC"
    },
    {
        "code": "LA",
        "name": "Louisiana",
        "agency": "Louisiana OMV"
    },
    {
        "code": "ME",
        "name": "Maine",
        "agency": "Maine BMV"
    },
    {
        "code": "MD",
        "name": "Maryland",
        "agency": "Maryland MVA"
    },
    {
        "code": "MA",
        "name": "Massachusetts",
        "agency": "Massachusetts RMV"
    },
    {
        "code": "MI",
        "name": "Michigan",
        "agency": "Michigan SOS"
    },
    {
        "code": "MN",
        "name": "Minnesota",
        "agency": "Minnesota DVS"
    },
    {
        "code": "MS",
        "name": "Mississippi",
        "agency": "Mississippi DOR"
    },
    {
        "code": "MO",
        "name": "Missouri",
        "agency": "Missouri DOR"
    },
    {
        "code": "MT",
        "name": "Montana",
        "agency": "Montana MVD"
    },
    {
        "code": "NE",
        "name": "Nebraska",
        "agency": "Nebraska DMV"
    },
    {
        "code": "NV",
        "name": "Nevada",
        "agency": "Nevada DMV"
    },
    {
        "code": "NH",
        "name": "New Hampshire",
        "agency": "New Hampshire DMV"
    },
    {
        "code": "NJ",
        "name": "New Jersey",
        "agency": "New Jersey MVC"
    },
    {
        "code": "NM",
        "name": "New Mexico",
        "agency": "New Mexico MVD"
    },
    {
        "code": "NY",
        "name": "New York",
        "agency": "New York DMV"
    },
    {
        "code": "NC",
        "name": "North Carolina",
        "agency": "North Carolina DMV"
    },
    {
        "code": "ND",
        "name": "North Dakota",
        "agency": "North Dakota DOT"
    },
    {
        "code": "OH",
        "name": "Ohio",
        "agency": "Ohio BMV"
    },
    {
        "code": "OK",
        "name": "Oklahoma",
        "agency": "Oklahoma DPS"
    },
    {
        "code": "OR",
        "name": "Oregon",
        "agency": "Oregon DMV"
    },
    {
        "code": "PA",
        "name": "Pennsylvania",
        "agency": "Pennsylvania DOT"
    },
    {
        "code": "RI",
        "name": "Rhode Island",
        "agency": "Rhode Island DMV"
    },
    {
        "code": "SC",
        "name": "South Carolina",
        "agency": "South Carolina DMV"
    },
    {
        "code": "SD",
        "name": "South Dakota",
        "agency": "South Dakota DOR"
    },
    {
        "code": "TN",
        "name": "Tennessee",
        "agency": "Tennessee DOS"
    },
    {
        "code": "TX",
        "name": "Texas",
        "agency": "Texas DMV"
    },
    {
        "code": "UT",
        "name": "Utah",
        "agency": "Utah DMV"
    },
    {
        "code": "VT",
        "name": "Vermont",
        "agency": "Vermont DMV"
    },
    {
        "code": "VA",
        "name": "Virginia",
        "agency": "Virginia DMV"
    },
    {
        "code": "WA",
        "name": "Washington",
        "agency": "Washington DOL"
    },
    {
        "code": "WV",
        "name": "West Virginia",
        "agency": "West Virginia DMV"
    },
    {
        "code": "WI",
        "name": "Wisconsin",
        "agency": "Wisconsin DMV"
    },
    {
        "code": "WY",
        "name": "Wyoming",
        "agency": "Wyoming DOT"
    }
]